global_id,name,device,technique,operator,sample_global_id,sample_name,description,spot_global_id,spot_attachment_file_global_id,spot_x_image,spot_y_image,Sr (ng/g),Sr_error,Li (ng/g),Li_error,SiO2 (ug/g),SiO2_error,d18O (ug/g),d18O_error,d17O (ug/g),d17O_error,Cl (ug/g),Cl_error,F (ug/g),F_error,S (cg/g),S_error,C (ug/g),C_error,H2O (ug/g),H2O_error,P2O5 (ug/g),P2O5_error,K2O (ug/g),K2O_error,Na2O (ug/g),Na2O_error,CaO (ug/g),CaO_error,MgO (cg/g),MgO_error,NiO (ug/g),NiO_error,MnO (ug/g),MnO_error,FeO (cg/g),FeO_error,Cr2O3 (ug/g),Cr2O3_error,Al2O3 (ug/g),Al2O3_error,TiO2 (ug/g),TiO2_error,total (cg/g),total_error,SO3 (ug/g),SO3_error
20131030170934-047642,ys_ol_CBK1a@92,Cameca ims 5f,,,20130528105407-768847,TS CBK-1-a,,20131030170938-209916,20131030170552-848416,495.0,-801.0,126.701809692799,23.2381186776062,799.5678124476829,11.8578614638738,377000.0,0.0,,,,,,,,,,,,,,,,,,,,,,,,,,,,,,,,,,,,,,,,
20131030170939-134760,ys_ol_CBK1a@93,Cameca ims 5f,,,20130528105407-768847,TS CBK-1-a,,20131030170944-603550,20131030170552-848416,509.0,-733.0,125.77364051877802,18.1980004308968,2079.79433233075,19.815953384927894,377000.0,0.0,,,,,,,,,,,,,,,,,,,,,,,,,,,,,,,,,,,,,,,,
20131101141746-803979,ys_ol_CBK1a@100,Cameca ims 5f,,,20130528105407-768847,TS CBK-1-a,,20131101141753-379791,20131030170552-848416,638.0,-97.0,523.781740906719,29.9676613771723,2497.08544367903,40.7527977868999,377000.0,0.0,,,,,,,,,,,,,,,,,,,,,,,,,,,,,,,,,,,,,,,,
20131101142641-938067,ys_ol_CBK1a@101,Cameca ims 5f,,,20130528105407-768847,TS CBK-1-a,,20131101142646-804536,20131030170558-538091,494.0,-127.0,6229.56368270122,147.75890511976905,2200.58682730615,42.85343344430619,377000.0,0.0,,,,,,,,,,,,,,,,,,,,,,,,,,,,,,,,,,,,,,,,
20131030170600-230817,ys_ol_CBK1a@102,Cameca ims 5f,,,20130528105407-768847,TS CBK-1-a,,20131030170604-953328,20131030170558-538091,531.0,-223.0,1716.48081146148,48.8021955664251,1200.32086703016,11.0276203982627,377000.0,0.0,,,,,,,,,,,,,,,,,,,,,,,,,,,,,,,,,,,,,,,,
20131030170605-783369,ys_ol_CBK1a@103,Cameca ims 5f,,,20130528105407-768847,TS CBK-1-a,,20131030170609-928532,20131030170558-538091,617.0,-333.0,1644.18894871462,70.279900355799,1462.96039981953,17.816539833193296,377000.0,0.0,,,,,,,,,,,,,,,,,,,,,,,,,,,,,,,,,,,,,,,,
20131030170610-702803,ys_ol_CBK1a@104,Cameca ims 5f,,,20130528105407-768847,TS CBK-1-a,,20131030170615-353764,20131030170558-538091,605.0,-441.0,373.9017260161379,27.929572924497595,761.521858594542,13.1531498007287,377000.0,0.0,,,,,,,,,,,,,,,,,,,,,,,,,,,,,,,,,,,,,,,,
20131030170616-320312,ys_ol_CBK1a@105,Cameca ims 5f,,,20130528105407-768847,TS CBK-1-a,,20131030170620-833527,20131030170558-538091,590.0,-538.0,675.306988448136,37.72901717187979,1646.57748280538,24.744030294608898,377000.0,0.0,,,,,,,,,,,,,,,,,,,,,,,,,,,,,,,,,,,,,,,,
20131030170621-509159,ys_ol_CBK1a@106,Cameca ims 5f,,,20130528105407-768847,TS CBK-1-a,,20131030170625-623091,20131030170558-538091,580.0,-636.0,1718.94552847928,98.17633584846148,3160.47754849682,22.055273384220097,377000.0,0.0,,,,,,,,,,,,,,,,,,,,,,,,,,,,,,,,,,,,,,,,
20131030170626-870426,ys_ol_CBK1a@107,Cameca ims 5f,,,20130528105407-768847,TS CBK-1-a,,20131030170630-169469,20131030170558-538091,531.0,-720.0,169.265323336977,15.571979048239,5421.12961636584,38.1005718103456,377000.0,0.0,,,,,,,,,,,,,,,,,,,,,,,,,,,,,,,,,,,,,,,,
20131030170631-015845,ys_ol_CBK1a@108,Cameca ims 5f,,,20130528105407-768847,TS CBK-1-a,,20131030170635-131349,20131030170558-538091,504.0,-825.0,372.141668156391,30.873155936005197,3269.39304711689,28.95298559569359,377000.0,0.0,,,,,,,,,,,,,,,,,,,,,,,,,,,,,,,,,,,,,,,,
20131030170637-253305,ys_ol_CBK1a@109,Cameca ims 5f,,,20130528105407-768847,TS CBK-1-a,,20131030170643-000566,20131030170642-504623,86.0,-493.0,577.687312264095,20.6934605001034,910.175817238805,12.7940353496999,377000.0,0.0,,,,,,,,,,,,,,,,,,,,,,,,,,,,,,,,,,,,,,,,
20131030170644-991262,ys_ol_CBK1a@110,Cameca ims 5f,,,20130528105407-768847,TS CBK-1-a,,20131030170649-108700,20131030170642-504623,180.0,-552.0,915.82212889892,39.378198367916696,431.5075061947819,6.63785230177463,377000.0,0.0,,,,,,,,,,,,,,,,,,,,,,,,,,,,,,,,,,,,,,,,
20131030170650-894199,ys_ol_CBK1a@111,Cameca ims 5f,,,20130528105407-768847,TS CBK-1-a,,20131030170659-783790,20131030170642-504623,146.0,-383.0,6728.63521520802,89.5314516601605,1831.31427729981,14.881827144036,377000.0,0.0,,,,,,,,,,,,,,,,,,,,,,,,,,,,,,,,,,,,,,,,
20131030170700-982543,ys_ol_CBK1a@112,Cameca ims 5f,,,20130528105407-768847,TS CBK-1-a,,20131030170704-923253,20131030170642-504623,222.0,-339.0,384.193143070286,23.4807585748776,1883.33158792793,20.4397758168172,377000.0,0.0,,,,,,,,,,,,,,,,,,,,,,,,,,,,,,,,,,,,,,,,
20131030170705-580088,ys_ol_CBK1a@113,Cameca ims 5f,,,20130528105407-768847,TS CBK-1-a,,20131030170708-395654,20131030170642-504623,353.0,-352.0,435.687001091167,28.404806871348494,2085.02100267634,18.4866088709374,377000.0,0.0,,,,,,,,,,,,,,,,,,,,,,,,,,,,,,,,,,,,,,,,
20131030170709-970271,ys_ol_CBK1a@114,Cameca ims 5f,,,20130528105407-768847,TS CBK-1-a,,20131030170713-584824,20131030170642-504623,455.0,-304.0,1291.62132044927,212.48135651146,2857.09936861341,30.8035349393219,377000.0,0.0,,,,,,,,,,,,,,,,,,,,,,,,,,,,,,,,,,,,,,,,
20131030170714-222323,ys_ol_CBK1a@115,Cameca ims 5f,,,20130528105407-768847,TS CBK-1-a,,20131030170718-808742,20131030170642-504623,577.0,-288.0,5186.91015981126,124.36872037584902,2349.56355627547,26.906090773020097,377000.0,0.0,,,,,,,,,,,,,,,,,,,,,,,,,,,,,,,,,,,,,,,,
20131030170719-247094,ys_ol_CBK1a@116,Cameca ims 5f,,,20130528105407-768847,TS CBK-1-a,,20131030170723-760859,20131030170642-504623,679.0,-277.0,133.973675943825,13.8115866773706,3724.16229573989,34.38384241077969,377000.0,0.0,,,,,,,,,,,,,,,,,,,,,,,,,,,,,,,,,,,,,,,,
20131030170724-226522,ys_ol_CBK1a@117,Cameca ims 5f,,,20130528105407-768847,TS CBK-1-a,,20131030170728-215136,20131030170642-504623,825.0,-276.0,229.07957252385404,16.178412815741297,2089.68923909426,21.2569874355666,377000.0,0.0,,,,,,,,,,,,,,,,,,,,,,,,,,,,,,,,,,,,,,,,
20131030170729-734248,ys_ol_CBK1a@118,Cameca ims 5f,,,20130528105407-768847,TS CBK-1-a,,20131030170733-385732,20131030170642-504623,911.0,-323.0,506.171754150629,33.841290502995896,2262.97442828677,20.159258317852895,377000.0,0.0,,,,,,,,,,,,,,,,,,,,,,,,,,,,,,,,,,,,,,,,
20131030170734-304724,ys_ol_CBK1a@119,Cameca ims 5f,,,20130528105407-768847,TS CBK-1-a,,20131030170738-569807,20131030170642-504623,836.0,-565.0,114.292366336544,11.1656977364813,3038.23021555945,29.149328727266,377000.0,0.0,,,,,,,,,,,,,,,,,,,,,,,,,,,,,,,,,,,,,,,,
20131030170739-521559,ys_ol_CBK1a@120,Cameca ims 5f,,,20130528105407-768847,TS CBK-1-a,,20131030170743-890740,20131030170642-504623,932.0,-589.0,96.82604308194868,12.1172257776356,1945.01441468229,23.249876942382695,377000.0,0.0,,,,,,,,,,,,,,,,,,,,,,,,,,,,,,,,,,,,,,,,
20131030170744-656488,ys_ol_CBK1a@71,Cameca ims 5f,,,20130528105407-768847,TS CBK-1-a,,20131030170750-058662,20131030170749-346152,130.0,-440.0,748.7783864192361,35.43764465381209,502.765553898202,8.25016234266813,377000.0,0.0,,,,,,,,,,,,,,,,,,,,,,,,,,,,,,,,,,,,,,,,
20131030170751-973931,ys_ol_CBK1a@72,Cameca ims 5f,,,20130528105407-768847,TS CBK-1-a,,20131030170756-897341,20131030170749-346152,178.0,-385.0,115.500874951557,12.9168238431149,1695.24674614884,24.291767010536297,377000.0,0.0,,,,,,,,,,,,,,,,,,,,,,,,,,,,,,,,,,,,,,,,
20131030170757-473522,ys_ol_CBK1a@73,Cameca ims 5f,,,20130528105407-768847,TS CBK-1-a,,20131030170801-698896,20131030170749-346152,301.0,-364.0,115.30266283763102,18.8290331555736,1499.34613700515,27.928629958787496,377000.0,0.0,,,,,,,,,,,,,,,,,,,,,,,,,,,,,,,,,,,,,,,,
20131030170802-894709,ys_ol_CBK1a@74,Cameca ims 5f,,,20130528105407-768847,TS CBK-1-a,,20131030170806-592686,20131030170749-346152,448.0,-382.0,118.72211780280102,18.0100678200282,670.205740689018,7.803149884946921,377000.0,0.0,,,,,,,,,,,,,,,,,,,,,,,,,,,,,,,,,,,,,,,,
20131030170807-663861,ys_ol_CBK1a@75,Cameca ims 5f,,,20130528105407-768847,TS CBK-1-a,,20131030170811-891119,20131030170749-346152,555.0,-416.0,93.3746528783193,11.0500068888619,1263.30814608995,12.2460306922275,377000.0,0.0,,,,,,,,,,,,,,,,,,,,,,,,,,,,,,,,,,,,,,,,
20131030170812-520295,ys_ol_CBK1a@76,Cameca ims 5f,,,20130528105407-768847,TS CBK-1-a,,20131030170815-560580,20131030170749-346152,639.0,-470.0,144.34708262119702,16.510434175301597,1575.13928583652,20.9299364044494,377000.0,0.0,,,,,,,,,,,,,,,,,,,,,,,,,,,,,,,,,,,,,,,,
20131030170816-732600,ys_ol_CBK1a@77,Cameca ims 5f,,,20130528105407-768847,TS CBK-1-a,,20131030170820-799130,20131030170749-346152,709.0,-537.0,129.952103440593,11.3589198874231,2237.68909664791,31.46241972584459,377000.0,0.0,,,,,,,,,,,,,,,,,,,,,,,,,,,,,,,,,,,,,,,,
20131030170821-227273,ys_ol_CBK1a@78,Cameca ims 5f,,,20130528105407-768847,TS CBK-1-a,,20131030170825-801720,20131030170749-346152,769.0,-621.0,111.939008187229,10.8552682656689,2365.57517624912,43.491250779302,377000.0,0.0,,,,,,,,,,,,,,,,,,,,,,,,,,,,,,,,,,,,,,,,
20131030170826-369997,ys_ol_CBK1a@79,Cameca ims 5f,,,20130528105407-768847,TS CBK-1-a,,20131030170830-760462,20131030170749-346152,851.0,-702.0,102.208349248944,12.8795650994321,450.388208116658,7.75295046125811,377000.0,0.0,,,,,,,,,,,,,,,,,,,,,,,,,,,,,,,,,,,,,,,,
20131030170831-600992,ys_ol_CBK1a@80,Cameca ims 5f,,,20130528105407-768847,TS CBK-1-a,,20131030170835-375370,20131030170749-346152,963.0,-755.0,8934.74194203554,107.047730173511,1733.71234037708,34.3216128304148,377000.0,0.0,,,,,,,,,,,,,,,,,,,,,,,,,,,,,,,,,,,,,,,,
20131030170836-101572,ys_ol_CBK1a@81,Cameca ims 5f,,,20130528105407-768847,TS CBK-1-a,,20131030170842-837872,20131030170841-303582,506.0,-113.0,1786.18170960531,83.12010563031,2209.99820125786,17.797409476857098,377000.0,0.0,,,,,,,,,,,,,,,,,,,,,,,,,,,,,,,,,,,,,,,,
20131030170843-942720,ys_ol_CBK1a@82,Cameca ims 5f,,,20130528105407-768847,TS CBK-1-a,,20131030170847-443045,20131030170841-303582,527.0,-244.0,225.974101266344,24.8956624735136,2117.51302799456,19.6880768363142,377000.0,0.0,,,,,,,,,,,,,,,,,,,,,,,,,,,,,,,,,,,,,,,,
20131030170848-113438,ys_ol_CBK1a@83,Cameca ims 5f,,,20130528105407-768847,TS CBK-1-a,,20131030170852-764804,20131030170841-303582,567.0,-369.0,274.713824064801,30.1580860172319,2157.47524301207,17.833069441585497,377000.0,0.0,,,,,,,,,,,,,,,,,,,,,,,,,,,,,,,,,,,,,,,,
20131030170853-631476,ys_ol_CBK1a@84,Cameca ims 5f,,,20130528105407-768847,TS CBK-1-a,,20131030170857-660500,20131030170841-303582,598.0,-477.0,110.422743746754,15.0143376100733,1427.69501148247,17.716193756288096,377000.0,0.0,,,,,,,,,,,,,,,,,,,,,,,,,,,,,,,,,,,,,,,,
20131030170858-233425,ys_ol_CBK1a@85,Cameca ims 5f,,,20130528105407-768847,TS CBK-1-a,,20131030170902-123110,20131030170841-303582,597.0,-573.0,74.566233035962,10.9648663985628,2801.97431062375,15.954255424347396,377000.0,0.0,,,,,,,,,,,,,,,,,,,,,,,,,,,,,,,,,,,,,,,,
20131030170903-073481,ys_ol_CBK1a@86,Cameca ims 5f,,,20130528105407-768847,TS CBK-1-a,,20131030170907-523024,20131030170841-303582,593.0,-630.0,118.79799361119602,13.0820645062951,3830.89577328214,12.7578194501232,377000.0,0.0,,,,,,,,,,,,,,,,,,,,,,,,,,,,,,,,,,,,,,,,
20131030170909-998770,ys_ol_CBK1a@87,Cameca ims 5f,,,20130528105407-768847,TS CBK-1-a,,20131030170912-157153,20131030170841-303582,653.0,-699.0,105.032484856041,10.5547497716358,2108.94050608714,14.5524814224125,377000.0,0.0,,,,,,,,,,,,,,,,,,,,,,,,,,,,,,,,,,,,,,,,
20131030170913-339701,ys_ol_CBK1a@88,Cameca ims 5f,,,20130528105407-768847,TS CBK-1-a,,20131030170917-016385,20131030170841-303582,600.0,-777.0,336.53764506558497,27.953552267829796,3147.03822760469,34.35205331926709,377000.0,0.0,,,,,,,,,,,,,,,,,,,,,,,,,,,,,,,,,,,,,,,,
20131030170918-678798,ys_ol_CBK1a@89,Cameca ims 5f,,,20130528105407-768847,TS CBK-1-a,,20131030170923-266784,20131030170841-303582,532.0,-802.0,1516.87108242149,53.48159339915399,2045.00268767576,18.0274746588638,377000.0,0.0,,,,,,,,,,,,,,,,,,,,,,,,,,,,,,,,,,,,,,,,
20131030170924-925545,ys_ol_CBK1a@90,Cameca ims 5f,,,20130528105407-768847,TS CBK-1-a,,20131030170928-557163,20131030170841-303582,464.0,-709.0,1921.80116825164,54.2370634050522,1620.44183285448,16.606207997196698,377000.0,0.0,,,,,,,,,,,,,,,,,,,,,,,,,,,,,,,,,,,,,,,,
20131030170929-207938,ys_ol_CBK1a@91,Cameca ims 5f,,,20130528105407-768847,TS CBK-1-a,,20131030170933-750507,20131030170552-848416,448.0,-818.0,576.809119291045,35.283246045548495,1069.3000407885,15.6972709010398,377000.0,0.0,,,,,,,,,,,,,,,,,,,,,,,,,,,,,,,,,,,,,,,,
20131030170945-343613,ys_ol_CBK1a@94,Cameca ims 5f,,,20130528105407-768847,TS CBK-1-a,,20131030170949-100713,20131030170552-848416,555.0,-568.0,12202.670241644,172.53868791893,1250.44035232092,14.2340994688643,377000.0,0.0,,,,,,,,,,,,,,,,,,,,,,,,,,,,,,,,,,,,,,,,
20131030170950-905800,ys_ol_CBK1a@95,Cameca ims 5f,,,20130528105407-768847,TS CBK-1-a,,20131030170954-387165,20131030170552-848416,586.0,-509.0,136.18848210494,13.6992629546521,1825.90972308756,19.8360872238394,377000.0,0.0,,,,,,,,,,,,,,,,,,,,,,,,,,,,,,,,,,,,,,,,
20131030170955-180735,ys_ol_CBK1a@96,Cameca ims 5f,,,20130528105407-768847,TS CBK-1-a,,20131030170959-470185,20131030170552-848416,588.0,-443.0,870.2979343431189,52.7801041221971,1320.75302526531,14.2720661727604,377000.0,0.0,,,,,,,,,,,,,,,,,,,,,,,,,,,,,,,,,,,,,,,,
20131030171000-498062,ys_ol_CBK1a@97,Cameca ims 5f,,,20130528105407-768847,TS CBK-1-a,,20131030171004-955307,20131030170552-848416,634.0,-348.0,145.653824613852,14.1681620197487,523.927147767254,11.2204023244807,377000.0,0.0,,,,,,,,,,,,,,,,,,,,,,,,,,,,,,,,,,,,,,,,
20131030171005-484268,ys_ol_CBK1a@98,Cameca ims 5f,,,20130528105407-768847,TS CBK-1-a,,20131030171009-737696,20131030170552-848416,649.0,-285.0,999.1189375558668,58.2040232396426,2650.15055464925,22.9810408415222,377000.0,0.0,,,,,,,,,,,,,,,,,,,,,,,,,,,,,,,,,,,,,,,,
20131107212922-287345,ys_ol_CBK1a@99,,,,20130528105407-768847,TS CBK-1-a,,20131107212925-075698,20131030170552-848416,688.0,-142.0,150.653325237862,13.2676062651075,2146.38328969573,19.499679730642494,377000.0,0.0,,,,,,,,,,,,,,,,,,,,,,,,,,,,,,,,,,,,,,,,
20130630105039-442928,LF5119,MAT253,,,20130612154927-984840,slab-CBK-1-c,,,,,,,,,,,,5129.0,10.0,3947.0,21.0,,,,,,,,,,,,,,,,,,,,,,,,,,,,,,,,,,,,
20130630104854-729788,LF5117,MAT253,,,20130612154927-984840,slab-CBK-1-c,,,,,,,,,,,,5102.0,9.0,3929.0,25.0,,,,,,,,,,,,,,,,,,,,,,,,,,,,,,,,,,,,
20130630104655-062249,LF5115,MAT253,,,20130612154927-984840,slab-CBK-1-c,,,,,,,,,,,,5192.0,7.0,3947.0,15.0,,,,,,,,,,,,,,,,,,,,,,,,,,,,,,,,,,,,
20131217183231-211145,CBK-1-e,PW2400,XRF,HK,20130809084217-096423,powder CBK-1-e,,,,,,,,,,401000.0,,,,,,99.0,,25.0,,1.41,,500.0,,6700.0,,2300.0,,1400.0,,10100.0,,20200.0,,24.7,,10600.0,,3100.0,,24.9,,6400.0,,17800.0,,900.0,,,,,
20131126174415-946873,CBK-1-i/O-3iso/ys_chr_cbk1i@1731@1732/@1731,SEM-EDS,,,20130902160128-765898,mount CBK-1-i,,20131126174422-253840,20131126174422-350366,227.4482421875,-430.390625,,,,,,,,,,,,,,,,,,,,,,,,,,,,,1.89,,,,6100.0,,33.47,,544400.0,,56900.0,,33900.0,,99.49,,,
20131126174429-805047,CBK-1-i/O-3iso/ys_chr_cbk1i@1731@1732/@1732,SEM-EDS,,,20130902160128-765898,mount CBK-1-i,,20131126174433-109719,20131126174422-350366,562.5380859375,-112.208984375,,,,,,,,,,,,,,,,,,,,,,,,,,,,,,,3100.0,,,,62.56,,,,,,,,100.17,,373000.0,
20131126174529-671929,CBK-1-i/O-3iso/ys_chr_cbk1i@1734@1735/@1734,SEM-EDS,,,20130902160128-765898,mount CBK-1-i,,20131126174538-223904,20131126174537-837464,345.8056640625,-215.1953125,,,,,7900.0,,,,,,,,,,,,,,,,,,,,,,2500.0,,4.13,,,,6100.0,,29.8,,551900.0,,54800.0,,34400.0,,99.68,,,
20131126174544-665464,CBK-1-i/O-3iso/ys_chr_cbk1i@1734@1735/@1735,SEM-EDS,,,20130902160128-765898,mount CBK-1-i,,20131126174551-396693,20131126174537-837464,339.6572265625,-297.4306640625,,,,,9200.0,,,,,,,,,,,,,,,,,,,,,,2000.0,,2.9,,,,5000.0,,31.2,,550100.0,,53700.0,,35500.0,,99.65,,,
20131126174625-663226,CBK-1-i/O-3iso/ys_chr_cbk1i@1737/@1737,SEM-EDS,,,20130902160128-765898,mount CBK-1-i,,20131126174632-231354,20131126174631-618696,336.5830078125,-268.2255859375,,,,,,,,,,,,,,,,,,,,,,,,,,,,,,,,,5800.0,,33.17,,655400.0,,,,2500.0,,99.53,,,
20131126174317-636125,CBK-1-i/O-3iso/ys_mer_cbk1i@1717@1718/@1717,SEM-EDS,,,20130902160128-765898,mount CBK-1-i,,20131126174324-532722,20131126174323-128252,291.23828125,-212.12109375,,,,,,,,,,,,,,,,,,,,,499700.0,,,,10900.0,,441400.0,,3.57,,,,,,1.4,,,,,,,,100.18,,,
20131126174331-590441,CBK-1-i/O-3iso/ys_mer_cbk1i@1717@1718/@1718,SEM-EDS,,,20130902160128-765898,mount CBK-1-i,,20131126174336-363196,20131126174323-128252,443.412109375,-235.9462890625,,,,,,,,,,,,,,,,,,,,,501600.0,,,,8100.0,,438900.0,,3.7,,,,,,1.57,,,,,,,,100.13,,,
20131126173212-191611,CBK-1-i/O-3iso/ys_ol_cbk1i@1588@1593/@1588,SEM-EDS,,,20130902160128-765898,mount CBK-1-i,,20131126173218-863697,20131126173218-040716,174.41796875,-199.82421875,,,,,361500.0,,,,,,,,,,,,,,,,,,,,,,,,34.97,,,,4600.0,,26.45,,18000.0,,,,,,99.84,,,
20131126173225-949234,CBK-1-i/O-3iso/ys_ol_cbk1i@1588@1593/@1589,SEM-EDS,,,20130902160128-765898,mount CBK-1-i,,20131126173229-270777,20131126173218-040716,261.2646484375,-446.5302734375,,,,,375900.0,,,,,,,,,,,,,,,,,,,,,,,,36.27,,,,4600.0,,25.83,,,,,,,,100.15,,,
20131126173236-765986,CBK-1-i/O-3iso/ys_ol_cbk1i@1588@1593/@1591,SEM-EDS,,,20130902160128-765898,mount CBK-1-i,,20131126173244-826855,20131126173218-040716,614.03125,-212.8896484375,,,,,372700.0,,,,,,,,,,,,,,,,,,,,,,,,35.74,,,,5000.0,,26.75,,,,,,,,100.25,,,
20131126173251-351045,CBK-1-i/O-3iso/ys_ol_cbk1i@1588@1593/@1592,SEM-EDS,,,20130902160128-765898,mount CBK-1-i,,20131126173255-392201,20131126173218-040716,537.9443359375,-189.064453125,,,,,374000.0,,,,,,,,,,,,,,,,,,,,,,,,35.69,,,,4500.0,,26.39,,,,,,,,99.92,,,
20131126173302-289547,CBK-1-i/O-3iso/ys_ol_cbk1i@1588@1593/@1593,SEM-EDS,,,20130902160128-765898,mount CBK-1-i,,20131126173307-431078,20131126173218-040716,502.5908203125,-56.1044921875,,,,,371800.0,,,,,,,,,,,,,,,,,,,,,,,,35.59,,,,4600.0,,26.84,,,,,,,,100.07,,,
20131126173549-781128,CBK-1-i/O-3iso/ys_ol_cbk1i@1595@1647/@1595,SEM-EDS,,,20130902160128-765898,mount CBK-1-i,,20131126173556-921560,20131126173556-714150,373.4736328125,-185.990234375,,,,,363500.0,,,,,,,,,,,,,,,,,,,,,,,,34.49,,,,4800.0,,26.96,,15800.0,,2500.0,,,,100.11,,,
20131126173603-540830,CBK-1-i/O-3iso/ys_ol_cbk1i@1595@1647/@1596,SEM-EDS,,,20130902160128-765898,mount CBK-1-i,,20131126173607-360902,20131126173556-714150,82.9599609375,-314.3388671875,,,,,372200.0,,,,,,,,,,,,,,,,,,,,,,,,35.67,,,,5300.0,,26.58,,,,,,,,100.0,,,
20131126173615-915521,CBK-1-i/O-3iso/ys_ol_cbk1i@1595@1647/@1597,SEM-EDS,,,20130902160128-765898,mount CBK-1-i,,20131126173622-297328,20131126173556-714150,99.8681640625,-274.3740234375,,,,,370500.0,,,,,,,,,,,,,,,,,,,,,,,,35.44,,,,3700.0,,26.84,,5400.0,,,,,,100.24,,,
20131126173629-776072,CBK-1-i/O-3iso/ys_ol_cbk1i@1595@1647/@1640,SEM-EDS,,,20130902160128-765898,mount CBK-1-i,,20131126173635-447159,20131126173556-714150,211.30859375,-354.3037109375,,,,,385900.0,,,,,,,,,,,,,,,,,,,,,,4300.0,,34.04,,,,4400.0,,25.36,,,,7900.0,,,,99.66,,,
20131126173642-292248,CBK-1-i/O-3iso/ys_ol_cbk1i@1595@1647/@1641,SEM-EDS,,,20130902160128-765898,mount CBK-1-i,,20131126173647-631687,20131126173556-714150,287.3955078125,-166.0078125,,,,,373700.0,,,,,,,,,,,,,,,,,,,,,,,,35.67,,,,4600.0,,26.66,,,,,,,,100.16,,,
20131126173654-922175,CBK-1-i/O-3iso/ys_ol_cbk1i@1595@1647/@1642,SEM-EDS,,,20130902160128-765898,mount CBK-1-i,,20131126173659-478949,20131126173556-714150,36.078125,-332.015625,,,,,371200.0,,,,,,,,,,,,,,,,,,,,,,,,35.82,,,,4900.0,,26.62,,,,,,,,100.04,,,
20131126173706-742516,CBK-1-i/O-3iso/ys_ol_cbk1i@1595@1647/@1645,SEM-EDS,,,20130902160128-765898,mount CBK-1-i,,20131126173710-379751,20131126173556-714150,489.525390625,-340.4697265625,,,,,372200.0,,,,,,,,,,,,,,,,,,,,,,,,35.62,,1500.0,,4500.0,,26.64,,,,,,,,100.09,,,
20131126173729-077240,CBK-1-i/O-3iso/ys_ol_cbk1i@1595@1647/@1646,SEM-EDS,,,20130902160128-765898,mount CBK-1-i,,20131126173735-344221,20131126173556-714150,684.73828125,-444.9931640625,,,,,378200.0,,,,,,,,,,,,,,,,,,,,,,1700.0,,37.89,,,,4100.0,,23.36,,3500.0,,,,,,100.01,,,
20131126173717-997916,CBK-1-i/O-3iso/ys_ol_cbk1i@1595@1647/@1647,SEM-EDS,,,20130902160128-765898,mount CBK-1-i,,20131126173722-224314,20131126173556-714150,608.6513671875,-408.87109375,,,,,372700.0,,,,,,,,,,,,,,,,,,,,,,,,35.57,,,,4900.0,,26.78,,,,,,,,100.11,,,
20131126173831-938206,CBK-1-i/O-3iso/ys_ol_cbk1i@1649@1651/@1649,SEM-EDS,,,20130902160128-765898,mount CBK-1-i,,20131126173837-191820,20131126173837-241582,259.7275390625,-441.9189453125,,,,,377400.0,,,,,,,,,,,,,,,,,,,,,,,,36.56,,,,4100.0,,25.24,,,,,,,,99.96,,,
20131126173844-941110,CBK-1-i/O-3iso/ys_ol_cbk1i@1649@1651/@1650,SEM-EDS,,,20130902160128-765898,mount CBK-1-i,,20131126173849-455487,20131126173837-241582,422.6611328125,-198.287109375,,,,,378700.0,,,,,,,,,,,,,,,,,,,,,,1700.0,,36.7,,,,5000.0,,24.77,,,,,,,,100.0,,,
20131126173856-911863,CBK-1-i/O-3iso/ys_ol_cbk1i@1649@1651/@1651,SEM-EDS,,,20130902160128-765898,mount CBK-1-i,,20131126173905-139508,20131126173837-241582,429.578125,-98.375,,,,,381700.0,,,,,,,,,,,,,,,,,,,,,,2400.0,,37.68,,,,4000.0,,23.4,,,,,,,,99.88,,,
20131126163558-905033,CBK-1-i/O-3iso/ys_ol_cbk1i@939@946/@939,SEM-EDS,,,20130902160128-765898,mount CBK-1-i,,20131126163604-972104,20131126163603-321836,349.6484375,-236.71484375,,,,,375200.0,,,,,,,,,,,,,,,,,,,,,,,,35.97,,,,4900.0,,26.13,,,,,,,,100.11,,,
20131126163605-788050,CBK-1-i/O-3iso/ys_ol_cbk1i@939@946/@940,SEM-EDS,,,20130902160128-765898,mount CBK-1-i,,20131126163610-914692,20131126163603-321836,375.779296875,-265.1513671875,,,,,380200.0,,,,,,,,,,,,,,,,,,,,,,3800.0,,37.16,,,,5000.0,,23.34,,4500.0,,,,,,99.85,,,
20131126163611-388321,CBK-1-i/O-3iso/ys_ol_cbk1i@939@946/@941,SEM-EDS,,,20130902160128-765898,mount CBK-1-i,,20131126163615-465945,20131126163603-321836,358.1025390625,-301.2734375,,,,,372200.0,,,,,,,,,,,,,,,,,,,,,,,,35.62,,,,3700.0,,26.69,,,,,,,,99.91,,,
20131126163616-589531,CBK-1-i/O-3iso/ys_ol_cbk1i@939@946/@944,SEM-EDS,,,20130902160128-765898,mount CBK-1-i,,20131126163624-306248,20131126163603-321836,521.8046875,-219.806640625,,,,,378000.0,,,,,,,,,,,,,,,,,,,,,,3100.0,,36.73,,,,3900.0,,24.4,,3700.0,,,,,,100.0,,,
20131126163625-593602,CBK-1-i/O-3iso/ys_ol_cbk1i@939@946/@945,SEM-EDS,,,20130902160128-765898,mount CBK-1-i,,20131126163629-648130,20131126163603-321836,695.498046875,-362.7578125,,,,,372500.0,,,,,,,,,,,,,,,,,,,,,,,,35.57,,,,4100.0,,26.86,,,,,,,,100.09,,,
20131126163630-141983,CBK-1-i/O-3iso/ys_ol_cbk1i@939@946/@946,SEM-EDS,,,20130902160128-765898,mount CBK-1-i,,20131126163634-799706,20131126163603-321836,134.453125,-201.361328125,,,,,376100.0,,,,,,,,,,,,,,,,,,,,,,,,36.95,,,,3700.0,,25.22,,,,,,,,100.15,,,
20131126163635-574777,CBK-1-i/O-3iso/ys_ol_cbk1i@939@946/@948,SEM-EDS,,,20130902160128-765898,mount CBK-1-i,,20131126163641-111895,20131126163603-321836,39.15234375,-16.908203125,,,,,375700.0,,,,,,,,,,,,,,,,,,,,,,,,36.33,,,,4500.0,,25.33,,1600.0,,,,,,99.84,,,
20131126170310-962279,CBK-1-i/O-3iso/ys_ol_cbk1i@955@1046/@1046,SEM-EDS,,,20130902160128-765898,mount CBK-1-i,,20131126170315-002273,20131126170241-277943,404.2158203125,-291.2822265625,,,,,371000.0,,,,,,,,,,,,,,,,,,,,,,,,35.49,,,,4500.0,,26.99,,,,,,,,100.03,,,
20131126170236-535436,CBK-1-i/O-3iso/ys_ol_cbk1i@955@1046/@955,SEM-EDS,,,20130902160128-765898,mount CBK-1-i,,20131126170242-655333,20131126170241-277943,128.3046875,-441.150390625,,,,,372900.0,,,,,,,,,,,,,,,,,,,,,,,,35.7,,,,5400.0,,26.68,,,,,,,,100.22,,,
20131126170243-660982,CBK-1-i/O-3iso/ys_ol_cbk1i@955@1046/@969,SEM-EDS,,,20130902160128-765898,mount CBK-1-i,,20131126170248-571695,20131126170241-277943,162.8896484375,-339.701171875,,,,,376700.0,,,,,,,,,,,,,,,,,,,,,,2800.0,,34.56,,,,5000.0,,26.42,,,,3000.0,,,,99.74,,,
20131126170249-945291,CBK-1-i/O-3iso/ys_ol_cbk1i@955@1046/@989,SEM-EDS,,,20130902160128-765898,mount CBK-1-i,,20131126170254-157385,20131126170241-277943,159.046875,-412.7138671875,,,,,373700.0,,,,,,,,,,,,,,,,,,,,,,,,35.77,,,,3600.0,,26.58,,,,,,,,100.08,,,
20131126170255-404933,CBK-1-i/O-3iso/ys_ol_cbk1i@955@1046/@990,SEM-EDS,,,20130902160128-765898,mount CBK-1-i,,20131126170301-665045,20131126170241-277943,169.806640625,-388.1201171875,,,,,374000.0,,,,,,,,,,,,,,,,,,,,,,,,35.7,,,,4500.0,,26.37,,,,,,,,99.92,,,
20131126170302-544730,CBK-1-i/O-3iso/ys_ol_cbk1i@955@1046/@991,SEM-EDS,,,20130902160128-765898,mount CBK-1-i,,20131126170309-396936,20131126170241-277943,667.0615234375,-5.3798828125,,,,,425900.0,,,,,,,,,,,,,,,,,,1600.0,,,,4900.0,,31.23,,,,4000.0,,22.27,,4800.0,,19800.0,,,,99.6,,,
20131126171811-411137,CBK-1-i/O-3iso/ys_ol_cbk1i@980@986/@980,SEM-EDS,,,20130902160128-765898,mount CBK-1-i,,20131126171818-431087,20131126171817-900630,424.1982421875,-227.4921875,,,,,374000.0,,,,,,,,,,,,,,,,,,,,,,,,35.74,,,,4000.0,,26.69,,,,,,,,100.23,,,
20131126171818-336158,CBK-1-i/O-3iso/ys_ol_cbk1i@980@986/@981,SEM-EDS,,,20130902160128-765898,mount CBK-1-i,,20131126171823-581000,20131126171817-900630,354.259765625,-86.8466796875,,,,,373300.0,,,,,,,,,,,,,,,,,,,,,,,,35.55,,,,4400.0,,26.82,,,,,,,,100.15,,,
20131126171824-309298,CBK-1-i/O-3iso/ys_ol_cbk1i@980@986/@982,SEM-EDS,,,20130902160128-765898,mount CBK-1-i,,20131126171828-938552,20131126171817-900630,262.033203125,-179.0732421875,,,,,373300.0,,,,,,,,,,,,,,,,,,,,,,,,35.74,,,,4600.0,,26.36,,,,,,,,99.89,,,
20131126171829-383172,CBK-1-i/O-3iso/ys_ol_cbk1i@980@986/@985,SEM-EDS,,,20130902160128-765898,mount CBK-1-i,,20131126171835-516720,20131126171817-900630,190.5576171875,-176.767578125,,,,,386400.0,,,,,,,,,,,,,,,,,,,,,,3200.0,,38.92,,1400.0,,3500.0,,21.11,,2300.0,,2500.0,,,,99.96,,,
20131126171836-144618,CBK-1-i/O-3iso/ys_ol_cbk1i@980@986/@986,SEM-EDS,,,20130902160128-765898,mount CBK-1-i,,20131126171842-729249,20131126171817-900630,222.068359375,-478.8095703125,,,,,371600.0,,,,,,,,,,,,,,,,4100.0,,,,,,1500.0,,35.72,,,,4400.0,,26.08,,,,,,,,99.96,,,
20131126174043-717381,CBK-1-i/O-3iso/ys_xxx_cbk1i@1701@1722/@1701,SEM-EDS,,,20130902160128-765898,mount CBK-1-i,,20131126174050-213616,20131126174050-285121,575.603515625,-185.990234375,,,,,548500.0,,,,,,,,,,,,,,,,,,,,,,7800.0,,27.26,,,,5200.0,,16.27,,,,,,,,99.69,,,
20131126174057-316507,CBK-1-i/O-3iso/ys_xxx_cbk1i@1701@1722/@1702,SEM-EDS,,,20130902160128-765898,mount CBK-1-i,,20131126174104-931149,20131126174050-285121,565.6123046875,-272.068359375,,,,,542700.0,,,,,,,,,,,,,,,,,,,,,,8300.0,,27.2,,,,4900.0,,16.48,,,,,,2200.0,,99.81,,3200.0,
20131126174111-432545,CBK-1-i/O-3iso/ys_xxx_cbk1i@1701@1722/@1703,SEM-EDS,,,20130902160128-765898,mount CBK-1-i,,20131126174117-961547,20131126174050-285121,456.4775390625,-96.0693359375,,,,,543600.0,,,,,,,,,,,,,,,,,,,,,,28700.0,,26.45,,,,4800.0,,15.28,,4100.0,,,,2200.0,,100.07,,,
20131126174124-914250,CBK-1-i/O-3iso/ys_xxx_cbk1i@1701@1722/@1705,SEM-EDS,,,20130902160128-765898,mount CBK-1-i,,20131126174129-625548,20131126174050-285121,267.4130859375,-272.068359375,,,,,548300.0,,,,,,,,,,,,,,,,,,,,,,5700.0,,27.79,,,,5300.0,,16.04,,,,,,,,99.77,,,
20131126174136-341155,CBK-1-i/O-3iso/ys_xxx_cbk1i@1701@1722/@1706,SEM-EDS,,,20130902160128-765898,mount CBK-1-i,,20131126174142-605946,20131126174050-285121,356.5654296875,-192.138671875,,,,,538900.0,,,,,,,,,,,,,,,,,,,,,,12000.0,,27.73,,,,4900.0,,15.1,,,,,,,,99.61,,12000.0,
20131126174149-331322,CBK-1-i/O-3iso/ys_xxx_cbk1i@1701@1722/@1707,SEM-EDS,,,20130902160128-765898,mount CBK-1-i,,20131126174156-821271,20131126174050-285121,580.9833984375,-440.3818359375,,,,,553200.0,,,,,,,,,,,,,,,,,,,,,,77000.0,,23.75,,,,4000.0,,11.49,,2800.0,,9600.0,,,,99.9,,,
20131126174203-943058,CBK-1-i/O-3iso/ys_xxx_cbk1i@1701@1722/@1708,SEM-EDS,,,20130902160128-765898,mount CBK-1-i,,20131126174208-173319,20131126174050-285121,581.751953125,-475.7353515625,,,,,549000.0,,,,,,,,,,,,,,,,,,,,,,7000.0,,27.71,,,,4600.0,,16.13,,,,,,,,99.9,,,
20131126174221-075600,CBK-1-i/O-3iso/ys_xxx_cbk1i@1701@1722/@1722,SEM-EDS,,,20130902160128-765898,mount CBK-1-i,,20131126174227-409702,20131126174050-285121,644.0048828125,-258.234375,,,,,3000.0,,,,,,,,,,,,,,,,,,,,,,,,2.09,,,,7000.0,,32.54,,556400.0,,62000.0,,22500.0,,99.71,,,
